{"cameraMode":{"drawMode":0,"name":"Shaded","section":"Shading Mode"},"sceneLighting":false,"audioPlay":false,"sceneViewState":{"m_AlwaysRefresh":false,"showFog":true,"showSkybox":false,"showFlares":true,"showImageEffects":true,"showParticleSystems":true,"showVisualEffectGraphs":true,"m_FxEnabled":false},"in2DMode":false,"pivot":{"x":0.028206825256347657,"y":4.079315185546875,"z":-0.3833808898925781},"rotation":{"x":0.2569897472858429,"y":-0.17459432780742646,"z":0.047152675688266757,"w":0.9495272636413574},"size":10.164366722106934,"orthographic":false}